<?xml version="1.0" encoding="UTF-8"?>
<project-private xmlns="http://www.netbeans.org/ns/project-private/1">
    <editor-bookmarks xmlns="http://www.netbeans.org/ns/editor-bookmarks/2" lastBookmarkId="0"/>
    <open-files xmlns="http://www.netbeans.org/ns/projectui-open-files/2">
        <group>
            <file>file:/C:/Users/azizs/OneDrive/Bureau/offre/Crud/src/Service/ServiceOffres.java</file>
            <file>file:/C:/Users/azizs/OneDrive/Bureau/offre/Crud/src/Services/IserviceOffre.java</file>
            <file>file:/C:/Users/azizs/OneDrive/Bureau/offre/Crud/src/Entities/Offres.java</file>
            <file>file:/C:/Users/azizs/OneDrive/Bureau/offre/Crud/src/Service/ServiceEmplois.java</file>
            <file>file:/C:/Users/azizs/OneDrive/Bureau/offre/Crud/src/Utils/Maconnexion.java</file>
            <file>file:/C:/Users/azizs/OneDrive/Bureau/offre/Crud/src/Entities/Emplois.java</file>
            <file>file:/C:/Users/azizs/OneDrive/Bureau/offre/Crud/src/gestion_offres/MetiersController.java</file>
            <file>file:/C:/Users/azizs/OneDrive/Bureau/offre/Crud/src/gestion_offres/Gestion_offres.java</file>
            <file>file:/C:/Users/azizs/OneDrive/Bureau/offre/Crud/src/gestion_offres/EmploiController.java</file>
            <file>file:/C:/Users/azizs/OneDrive/Bureau/offre/Crud/src/gestion_offres/MetiersEmploiController.java</file>
            <file>file:/C:/Users/azizs/OneDrive/Bureau/offre/Crud/src/Services/IserviceEmploi.java</file>
            <file>file:/C:/Users/azizs/OneDrive/Bureau/offre/Crud/src/gestion_offres/FXMLDocumentController.java</file>
        </group>
    </open-files>
</project-private>
